year,country_name,incidents,casualties,injuries
1970,Argentina,21,5,2
1970,Australia,1,0,0
1970,Bolivia,1,0,0
1970,Canada,2,1,0
1970,Dominican Republic,2,1,0
1970,Egypt,1,0,2
1970,Greece,3,2,0
1970,Guatemala,4,2,0
1970,Ireland,1,1,0
1970,Italy,3,0,0
1970,Japan,2,0,0
1970,Jordan,9,1,1
1970,Lebanon,1,0,0
1970,Mexico,2,0,0
1970,Netherlands,3,1,0
1970,Nicaragua,1,0,0
1970,Pakistan,1,4,20
1970,Paraguay,1,1,1
1970,Philippines,10,41,13
1970,Spain,4,0,0
1970,Switzerland,3,47,0
1970,Turkey,12,0,1
1970,United Kingdom,12,20,1
1970,United States,468,33,160
1970,Uruguay,33,3,0
1970,Venezuela,2,0,0
1971,Argentina,7,5,0
1971,Australia,1,0,0
1971,Bolivia,2,0,0
1971,Cambodia,2,2,10
1971,Costa Rica,1,0,0
1971,Dominican Republic,3,0,0
1971,Egypt,1,1,0
1971,Greece,1,0,0
1971,Guatemala,1,0,0
1971,Ireland,1,1,0
1971,Italy,3,0,0
1971,Jordan,5,0,0
1971,Lebanon,1,0,0
1971,Netherlands,1,0,0
1971,Philippines,4,0,0
1971,Poland,1,0,0
1971,Spain,22,0,0
1971,Sweden,2,1,2
1971,Switzerland,1,0,3
1971,Turkey,35,1,0
1971,United Kingdom,81,110,1
1971,United States,247,20,55
1971,Uruguay,8,1,0
1971,Venezuela,4,0,0
1971,Zambia,1,1,0
1972,Argentina,20,5,0
1972,Australia,8,1,0
1972,Austria,7,4,5
1972,Cambodia,2,1,0
1972,Canada,4,1,7
1972,Egypt,1,0,0
1972,El Salvador,2,0,0
1972,France,11,1,0
1972,Greece,2,0,0
1972,Ireland,5,6,0
1972,Italy,4,1,4
1972,Jordan,7,2,0
1972,Lebanon,3,0,0
1972,Mexico,1,0,0
1972,Netherlands,1,0,0
1972,Panama,1,0,0
1972,Philippines,7,2,1
1972,Portugal,1,0,0
1972,Spain,19,2,3
1972,Sweden,3,0,0
1972,Switzerland,3,0,0
1972,Thailand,1,0,0
1972,Turkey,9,3,5
1972,United Kingdom,292,368,224
1972,United States,68,10,35
1972,Uruguay,7,0,0
1972,Venezuela,1,0,0
1973,Argentina,60,16,4
1973,Austria,2,0,0
1973,Dominican Republic,3,0,0
1973,Ecuador,1,0,0
1973,El Salvador,1,0,0
1973,France,14,5,20
1973,Greece,11,5,55
1973,Haiti,1,0,0
1973,Honduras,1,0,0
1973,Ireland,3,4,0
1973,Italy,15,62,51
1973,Japan,2,0,0
1973,Jordan,1,0,0
1973,Lebanon,11,4,0
1973,Malaysia,1,0,8
1973,Mexico,6,1,0
1973,Morocco,2,0,0
1973,Netherlands,1,1,1
1973,New Zealand,1,0,0
1973,Peru,3,0,0
1973,Portugal,1,0,1
1973,Spain,21,6,2
1973,Switzerland,2,0,0
1973,United Kingdom,189,210,275
1973,United States,58,45,33
1973,Venezuela,4,0,0
1973,Zambia,1,2,0
1974,Argentina,71,21,12
1974,Australia,1,0,0
1974,Austria,1,0,0
1974,Bolivia,1,0,0
1974,Botswana,1,1,0
1974,Canada,1,0,0
1974,Dominican Republic,2,0,0
1974,Ecuador,3,0,2
1974,El Salvador,3,0,3
1974,France,29,3,41
1974,Greece,6,92,0
1974,Guatemala,1,0,0
1974,Haiti,2,0,0
1974,Ireland,3,34,0
1974,Italy,22,23,150
1974,Jamaica,2,0,0
1974,Japan,3,0,7
1974,Lebanon,11,0,10
1974,Mexico,16,2,0
1974,Netherlands,2,1,0
1974,Nicaragua,1,0,0
1974,Pakistan,2,0,2
1974,Peru,3,0,15
1974,Philippines,1,3,0
1974,Singapore,1,0,0
1974,South Africa,1,0,1
1974,South Korea,1,1,0
1974,Spain,14,19,70
1974,Switzerland,3,0,0
1974,Thailand,1,2,0
1974,Turkey,1,0,1
1974,United Kingdom,203,235,329
1974,United States,94,16,54
1974,Venezuela,3,0,0
1975,Argentina,38,123,16
1975,Austria,2,4,11
1975,El Salvador,3,2,0
1975,France,39,3,25
1975,Greece,4,1,0
1975,Guatemala,5,23,1
1975,Ireland,7,7,0
1975,Italy,7,0,0
1975,Japan,12,0,2
1975,Kenya,4,27,100
1975,Lebanon,15,28,29
1975,Malaysia,3,0,3
1975,Mexico,10,32,5
1975,Netherlands,4,4,2
1975,Nicaragua,1,11,0
1975,Pakistan,2,1,0
1975,Peru,2,0,0
1975,Philippines,4,1,45
1975,Portugal,4,0,0
1975,Spain,136,31,2
1975,Sweden,1,3,13
1975,Switzerland,3,0,0
1975,Turkey,10,0,0
1975,United Kingdom,194,245,129
1975,United States,149,24,158
1975,Venezuela,5,0,0
1975,Zambia,1,1,0
1976,Argentina,54,122,90
1976,Austria,4,0,0
1976,Bahamas,1,0,0
1976,Bolivia,1,0,0
1976,Costa Rica,12,0,6
1976,Ecuador,2,1,1
1976,El Salvador,13,3,1
1976,France,58,7,10
1976,Greece,21,14,1
1976,Guatemala,13,8,8
1976,Ireland,5,5,0
1976,Italy,173,9,38
1976,Jamaica,1,0,0
1976,Japan,1,2,0
1976,Jordan,1,9,5
1976,Kenya,2,0,0
1976,Lebanon,4,4,1
1976,Mexico,20,26,5
1976,Morocco,1,0,0
1976,Netherlands,3,0,0
1976,Pakistan,3,1,3
1976,Panama,2,0,0
1976,Paraguay,1,1,0
1976,Philippines,10,47,73
1976,Portugal,15,3,11
1976,South Africa,1,2,0
1976,Spain,50,17,5
1976,Switzerland,4,0,0
1976,Trinidad and Tobago,1,0,3
1976,Turkey,35,7,23
1976,United Kingdom,194,264,19
1976,United States,105,4,41
1976,Venezuela,4,0,0
1977,Argentina,17,7,12
1977,Austria,5,1,1
1977,Bolivia,1,0,0
1977,Costa Rica,5,0,0
1977,Djibouti,1,1,1
1977,Ecuador,7,1,0
1977,Egypt,1,1,0
1977,El Salvador,6,4,0
1977,France,53,3,7
1977,Greece,47,1,1
1977,Guatemala,8,6,0
1977,Indonesia,1,1,1
1977,Ireland,3,2,0
1977,Italy,308,25,57
1977,Japan,4,0,0
1977,Lebanon,4,3,1
1977,Malaysia,2,100,1
1977,Mauritania,4,4,0
1977,Mexico,19,11,15
1977,Netherlands,6,9,1
1977,Nicaragua,5,26,12
1977,Peru,4,0,0
1977,Philippines,2,0,0
1977,Portugal,15,0,11
1977,South Africa,15,5,35
1977,Spain,147,44,101
1977,Switzerland,4,0,3
1977,Thailand,3,1,70
1977,Turkey,189,29,89
1977,United Kingdom,140,103,17
1977,United States,130,5,20
1977,Venezuela,3,1,0
1977,Zambia,1,1,0
1978,Argentina,25,13,11
1978,Australia,2,2,9
1978,Austria,1,0,0
1978,Bolivia,3,0,0
1978,Cambodia,1,1,0
1978,Costa Rica,2,0,0
1978,Denmark,1,0,0
1978,Dominican Republic,1,3,0
1978,Ecuador,11,2,9
1978,Egypt,2,2,0
1978,El Salvador,91,33,37
1978,France,59,21,17
1978,Greece,39,0,4
1978,Guatemala,29,35,18
1978,Guyana,1,5,0
1978,Indonesia,2,0,1
1978,Ireland,3,1,0
1978,Italy,277,26,46
1978,Japan,35,4,53
1978,Kenya,1,4,0
1978,Lebanon,12,107,173
1978,Mexico,30,7,18
1978,Morocco,1,10,0
1978,Netherlands,3,1,16
1978,Nicaragua,76,93,88
1978,Pakistan,2,5,2
1978,Peru,4,0,0
1978,Philippines,36,128,193
1978,Portugal,4,0,11
1978,South Africa,9,6,3
1978,Spain,209,84,123
1978,Sweden,1,0,0
1978,Switzerland,3,0,0
1978,Thailand,5,29,25
1978,Turkey,52,40,111
1978,United Kingdom,100,81,113
1978,United States,87,8,8
1978,Venezuela,7,1,5
1978,Zambia,3,0,0
1979,Argentina,16,11,12
1979,Australia,2,0,9
1979,Austria,5,0,6
1979,Bolivia,14,0,7
1979,Costa Rica,2,3,0
1979,Denmark,3,0,2
1979,Djibouti,1,4,3
1979,Dominican Republic,2,1,1
1979,Ecuador,2,0,0
1979,Egypt,1,1,4
1979,El Salvador,326,286,93
1979,France,212,11,41
1979,Greece,9,1,5
1979,Guatemala,60,53,19
1979,Guyana,2,1,0
1979,Honduras,6,1,12
1979,Ireland,8,9,0
1979,Italy,209,24,138
1979,Jamaica,2,4,0
1979,Japan,16,5,2
1979,Lebanon,38,33,94
1979,Lesotho,2,0,0
1979,Malaysia,1,5,0
1979,Mexico,10,5,0
1979,Morocco,2,0,34
1979,Netherlands,3,3,0
1979,Nicaragua,206,187,63
1979,Norway,1,0,0
1979,Pakistan,7,6,42
1979,Panama,4,1,1
1979,Peru,3,5,1
1979,Philippines,50,107,76
1979,Poland,1,0,5
1979,Portugal,15,3,6
1979,South Africa,16,8,30
1979,Spain,279,112,284
1979,Sweden,1,1,0
1979,Switzerland,6,1,5
1979,Thailand,16,62,49
1979,Trinidad and Tobago,1,0,0
1979,Tunisia,1,0,0
1979,Turkey,141,123,118
1979,Uganda,8,13,3
1979,United Kingdom,239,133,150
1979,United States,69,18,58
1979,Venezuela,4,0,0
1979,Zambia,1,0,0
1980,Argentina,6,0,1
1980,Australia,6,2,3
1980,Austria,2,0,8
1980,Bolivia,35,11,51
1980,Canada,3,0,0
1980,Costa Rica,3,0,1
1980,Denmark,1,0,0
1980,Dominican Republic,1,1,2
1980,Ecuador,2,2,6
1980,Egypt,5,1,10
1980,El Salvador,710,2383,277
1980,France,94,20,74
1980,Greece,15,5,2
1980,Guatemala,281,528,143
1980,Guinea,2,1,1
1980,Guyana,1,1,1
1980,Honduras,16,6,8
1980,Ireland,6,3,0
1980,Italy,110,134,265
1980,Jamaica,6,11,1
1980,Jordan,1,1,0
1980,Kenya,1,15,85
1980,Lebanon,86,90,267
1980,Mexico,5,3,0
1980,Netherlands,1,0,0
1980,Nicaragua,35,37,13
1980,Pakistan,1,17,18
1980,Panama,4,0,0
1980,Paraguay,2,3,0
1980,Peru,64,2,5
1980,Philippines,60,163,540
1980,Portugal,8,3,9
1980,South Africa,23,26,31
1980,Spain,187,116,184
1980,Switzerland,7,0,3
1980,Thailand,26,75,171
1980,Tunisia,1,41,100
1980,Turkey,95,111,61
1980,United Kingdom,134,78,92
1980,United States,67,15,22
1980,Venezuela,8,3,13
1981,Albania,1,0,0
1981,Argentina,2,0,0
1981,Australia,1,1,0
1981,Austria,3,3,20
1981,Bahamas,1,0,0
1981,Bolivia,5,1,1
1981,Costa Rica,10,4,5
1981,Denmark,6,0,6
1981,Ecuador,2,2,2
1981,Egypt,9,67,89
1981,El Salvador,664,1578,359
1981,France,66,8,78
1981,Greece,20,3,74
1981,Guatemala,399,1381,285
1981,Guyana,1,1,0
1981,Honduras,17,7,14
1981,Indonesia,1,4,0
1981,Ireland,5,2,0
1981,Italy,69,24,38
1981,Jamaica,1,5,0
1981,Japan,1,0,0
1981,Jordan,2,0,2
1981,Lebanon,81,264,745
1981,Lesotho,5,10,6
1981,Mexico,3,0,6
1981,Netherlands,1,0,0
1981,New Zealand,2,0,0
1981,Nicaragua,47,172,28
1981,Norway,1,0,0
1981,Pakistan,4,4,4
1981,Panama,4,1,2
1981,Peru,149,10,19
1981,Philippines,31,176,362
1981,Poland,1,0,1
1981,Portugal,10,2,3
1981,South Africa,42,8,24
1981,Spain,107,39,85
1981,Switzerland,13,2,31
1981,Thailand,18,21,62
1981,Trinidad and Tobago,1,0,0
1981,Turkey,8,11,11
1981,Uganda,25,57,9
1981,United Kingdom,142,86,118
1981,United States,74,8,15
1981,Venezuela,7,2,0
1981,Zambia,1,0,0
1982,Argentina,9,1,0
1982,Australia,2,0,3
1982,Austria,11,0,0
1982,Bolivia,27,0,1
1982,Bulgaria,2,2,0
1982,Canada,5,1,8
1982,Costa Rica,6,4,10
1982,Dominican Republic,2,5,3
1982,Ecuador,3,1,1
1982,Egypt,1,0,3
1982,El Salvador,537,1549,193
1982,France,62,17,144
1982,Greece,19,2,0
1982,Guatemala,354,1562,152
1982,Honduras,34,24,12
1982,Ireland,4,2,1
1982,Italy,23,12,59
1982,Japan,2,0,0
1982,Jordan,1,0,6
1982,Lebanon,120,234,459
1982,Lesotho,2,0,5
1982,Mexico,3,1,0
1982,Netherlands,2,0,1
1982,Nicaragua,63,254,23
1982,Pakistan,4,3,9
1982,Peru,350,243,71
1982,Philippines,38,139,250
1982,Portugal,3,3,1
1982,South Africa,26,9,74
1982,South Korea,1,1,3
1982,Spain,146,42,53
1982,Swaziland,1,0,0
1982,Switzerland,6,0,0
1982,Thailand,3,1,20
1982,Turkey,5,9,71
1982,Uganda,1,0,0
1982,United Kingdom,95,95,152
1982,United States,77,10,37
1982,Venezuela,2,30,0
1983,Argentina,18,1,3
1983,Bolivia,27,0,3
1983,Canada,1,0,0
1983,Costa Rica,3,0,0
1983,Ecuador,10,0,0
1983,El Salvador,371,1667,458
1983,France,121,20,186
1983,Greece,11,4,6
1983,Guatemala,117,530,176
1983,Haiti,6,5,9
1983,Honduras,29,75,6
1983,Iceland,1,0,0
1983,Ireland,4,5,0
1983,Italy,7,2,3
1983,Japan,12,2,1
1983,Jordan,7,0,1
1983,Lebanon,234,615,1005
1983,Lesotho,12,30,8
1983,Malaysia,1,0,0
1983,Mexico,2,0,2
1983,Netherlands,2,0,0
1983,Nicaragua,299,3277,316
1983,Pakistan,9,10,26
1983,Panama,9,0,1
1983,Peru,536,1818,263
1983,Philippines,16,101,30
1983,Portugal,9,8,4
1983,South Africa,56,28,316
1983,South Korea,1,1,4
1983,Spain,122,42,70
1983,Sweden,1,1,0
1983,Switzerland,3,0,0
1983,Thailand,1,0,0
1983,Trinidad and Tobago,1,0,14
1983,Turkey,5,2,24
1983,Uganda,6,121,2
1983,United Kingdom,177,77,186
1983,United States,44,8,5
1983,Venezuela,6,7,0
1984,Argentina,46,1,4
1984,Austria,4,2,1
1984,Bolivia,14,1,3
1984,Bulgaria,1,0,0
1984,Costa Rica,2,0,0
1984,Ecuador,24,1,2
1984,El Salvador,273,1315,487
1984,France,145,15,57
1984,Greece,28,5,89
1984,Guatemala,74,171,34
1984,Honduras,12,5,1
1984,Indonesia,2,2,0
1984,Ireland,1,1,0
1984,Italy,14,23,116
1984,Japan,15,0,11
1984,Jordan,5,1,4
1984,Lebanon,166,61,241
1984,Lesotho,1,1,1
1984,Mexico,4,13,9
1984,Netherlands,1,0,1
1984,New Zealand,1,1,0
1984,Nicaragua,302,3617,310
1984,Pakistan,3,12,49
1984,Panama,2,0,0
1984,Paraguay,2,1,1
1984,Peru,592,2467,519
1984,Philippines,43,262,108
1984,Portugal,14,3,13
1984,Romania,1,1,0
1984,South Africa,60,21,83
1984,Spain,143,51,77
1984,Swaziland,1,1,0
1984,Switzerland,1,0,0
1984,Thailand,1,0,20
1984,Turkey,19,27,19
1984,Uganda,3,235,0
1984,United Kingdom,145,69,249
1984,United States,63,3,780
1984,Uruguay,4,0,0
1984,Venezuela,4,2,0
1985,Argentina,43,2,10
1985,Austria,4,4,50
1985,Bolivia,13,0,0
1985,Botswana,1,0,1
1985,Canada,3,331,2
1985,Costa Rica,5,0,0
1985,Denmark,4,1,10
1985,Ecuador,12,4,2
1985,Egypt,2,2,2
1985,El Salvador,436,1013,279
1985,France,105,17,65
1985,Greece,35,64,170
1985,Guatemala,63,137,17
1985,Honduras,9,7,8
1985,Indonesia,2,7,14
1985,Ireland,2,2,0
1985,Italy,11,19,157
1985,Japan,10,2,7
1985,Lebanon,96,656,1544
1985,Mexico,1,0,0
1985,Morocco,2,0,0
1985,Netherlands,4,0,0
1985,Nicaragua,258,1575,231
1985,Pakistan,2,0,1
1985,Paraguay,1,0,0
1985,Peru,352,729,127
1985,Philippines,124,452,377
1985,Portugal,20,1,8
1985,Romania,1,2,0
1985,Singapore,1,0,0
1985,South Africa,106,82,251
1985,Spain,114,67,182
1985,Switzerland,7,0,10
1985,Thailand,1,0,0
1985,Turkey,2,1,0
1985,Uganda,7,32,8
1985,United Kingdom,67,64,175
1985,United States,40,3,13
1985,Uruguay,2,0,0
1985,Venezuela,2,0,0
1985,Zambia,1,0,0
1986,Argentina,33,2,12
1986,Australia,2,1,22
1986,Austria,4,0,0
1986,Bolivia,4,1,0
1986,Canada,2,0,1
1986,Costa Rica,1,0,3
1986,Denmark,2,0,0
1986,Ecuador,8,13,0
1986,Egypt,4,12,21
1986,El Salvador,175,293,187
1986,Finland,1,0,1
1986,France,95,25,306
1986,Greece,41,6,14
1986,Guatemala,31,54,14
1986,Honduras,8,10,4
1986,Iceland,1,0,0
1986,Indonesia,4,0,2
1986,Ireland,2,0,0
1986,Italy,7,1,1
1986,Jamaica,1,3,0
1986,Japan,10,3,1
1986,Lebanon,106,247,1018
1986,Malaysia,15,20,54
1986,Mexico,2,0,0
1986,Morocco,2,2,2
1986,Netherlands,14,0,0
1986,Nicaragua,171,395,103
1986,Pakistan,24,60,351
1986,Panama,5,0,0
1986,Peru,568,513,271
1986,Philippines,80,322,355
1986,Portugal,11,1,1
1986,South Africa,159,153,437
1986,South Korea,2,5,30
1986,Spain,125,57,196
1986,Swaziland,1,0,0
1986,Sweden,3,1,1
1986,Thailand,3,0,3
1986,Tunisia,2,0,0
1986,Turkey,7,26,7
1986,Uganda,1,1,0
1986,United Kingdom,95,63,80
1986,United States,49,1,36
1986,Uruguay,2,0,0
1986,Venezuela,8,13,12
1986,Zambia,1,2,0
1987,Argentina,80,3,11
1987,Austria,4,0,1
1987,Bolivia,14,1,25
1987,Botswana,1,3,4
1987,Costa Rica,3,0,0
1987,Denmark,2,0,0
1987,Djibouti,1,10,40
1987,Dominican Republic,15,7,4
1987,Ecuador,6,0,1
1987,Egypt,7,1,12
1987,El Salvador,234,421,317
1987,France,87,5,8
1987,Ghana,1,0,0
1987,Greece,26,2,37
1987,Guatemala,56,211,38
1987,Haiti,10,4,6
1987,Honduras,20,21,12
1987,Ireland,24,6,0
1987,Italy,14,3,0
1987,Japan,10,1,3
1987,Lebanon,94,178,338
1987,Mexico,1,0,0
1987,Morocco,4,200,0
1987,Netherlands,1,0,0
1987,Nicaragua,223,549,294
1987,Norway,2,1,9
1987,Pakistan,60,183,1095
1987,Panama,4,1,0
1987,Paraguay,1,0,0
1987,Peru,627,773,357
1987,Philippines,160,404,485
1987,Singapore,2,0,0
1987,South Africa,133,120,388
1987,Spain,104,68,211
1987,Swaziland,1,4,1
1987,Switzerland,1,1,0
1987,Tunisia,4,0,13
1987,Turkey,43,187,80
1987,Uganda,1,1,4
1987,United Kingdom,117,104,120
1987,United States,34,1,1
1987,Venezuela,13,3,0
1987,Zambia,1,0,0
1988,Argentina,33,1,20
1988,Australia,3,0,0
1988,Austria,1,0,1
1988,Bolivia,11,2,0
1988,Botswana,3,1,5
1988,Costa Rica,2,0,6
1988,Denmark,1,0,0
1988,Djibouti,2,0,0
1988,Dominican Republic,2,0,4
1988,Ecuador,9,4,7
1988,Egypt,9,1,17
1988,El Salvador,367,361,364
1988,France,54,6,19
1988,Greece,38,14,104
1988,Guatemala,29,135,35
1988,Haiti,6,3,0
1988,Honduras,21,32,11
1988,Italy,29,6,19
1988,Japan,16,0,26
1988,Jordan,1,0,0
1988,Lebanon,125,176,601
1988,Lesotho,1,4,11
1988,Malaysia,4,9,2
1988,Mauritius,1,0,1
1988,Mexico,3,2,0
1988,Netherlands,4,4,6
1988,Nicaragua,62,208,78
1988,Pakistan,44,136,266
1988,Panama,1,0,1
1988,Peru,355,855,246
1988,Philippines,210,550,256
1988,Portugal,2,2,0
1988,South Africa,245,152,606
1988,South Korea,8,0,0
1988,Spain,151,25,144
1988,Switzerland,4,0,5
1988,Thailand,5,10,2
1988,Turkey,42,102,21
1988,Uganda,15,160,22
1988,United Kingdom,180,370,263
1988,United States,27,1,1
1988,Venezuela,10,41,5
1988,Zambia,5,9,18
1989,Argentina,32,26,17
1989,Australia,2,0,0
1989,Austria,2,3,0
1989,Bolivia,40,2,0
1989,Botswana,2,0,0
1989,Cambodia,2,11,0
1989,Canada,1,15,14
1989,Costa Rica,1,1,2
1989,Denmark,1,0,0
1989,Dominican Republic,11,1,2
1989,Ecuador,14,9,2
1989,Egypt,7,1,1
1989,El Salvador,356,350,612
1989,France,25,3,2
1989,Greece,50,4,5
1989,Guatemala,79,43,70
1989,Haiti,3,0,9
1989,Honduras,29,9,22
1989,Hungary,1,0,0
1989,Indonesia,2,85,27
1989,Ireland,3,3,0
1989,Italy,15,0,1
1989,Japan,13,2,1
1989,Kenya,4,4,5
1989,Lebanon,142,114,365
1989,Malaysia,2,0,8
1989,Mauritius,1,0,0
1989,Mexico,1,0,0
1989,Netherlands,5,0,5
1989,Nicaragua,21,48,24
1989,Pakistan,45,56,248
1989,Panama,2,0,0
1989,Peru,630,1502,340
1989,Philippines,156,393,323
1989,Portugal,1,1,0
1989,South Africa,149,57,141
1989,South Korea,1,0,0
1989,Spain,142,29,35
1989,Swaziland,1,0,0
1989,Sweden,3,0,0
1989,Thailand,16,35,51
1989,Trinidad and Tobago,1,0,0
1989,Turkey,114,232,53
1989,Uganda,15,72,37
1989,United Kingdom,163,66,174
1989,United States,42,3,14
1989,Uruguay,1,1,0
1989,Venezuela,8,14,0
1989,Zambia,18,33,11
1990,Albania,1,0,0
1990,Argentina,31,1,1
1990,Austria,1,0,0
1990,Bolivia,11,6,33
1990,Botswana,1,6,0
1990,Bulgaria,5,0,0
1990,Cambodia,2,0,0
1990,Costa Rica,1,0,0
1990,Djibouti,1,1,14
1990,Dominican Republic,2,3,3
1990,Ecuador,8,3,6
1990,Egypt,13,21,32
1990,El Salvador,184,294,224
1990,France,30,3,3
1990,Germany,1,0,0
1990,Greece,55,2,10
1990,Guatemala,83,68,42
1990,Guyana,5,0,3
1990,Haiti,3,13,106
1990,Honduras,13,3,13
1990,Indonesia,3,12,0
1990,Ireland,2,0,0
1990,Italy,6,0,0
1990,Japan,93,2,125
1990,Jordan,3,0,5
1990,Lebanon,84,113,191
1990,Malaysia,3,0,3
1990,Mexico,5,3,1
1990,Netherlands,6,2,1
1990,Nicaragua,15,23,8
1990,Pakistan,87,188,486
1990,Panama,15,2,54
1990,Peru,495,1146,237
1990,Philippines,320,457,340
1990,Poland,7,1,1
1990,South Africa,154,150,293
1990,South Korea,3,0,1
1990,Spain,113,32,138
1990,Sweden,6,1,11
1990,Switzerland,1,1,0
1990,Thailand,10,22,54
1990,Turkey,195,512,219
1990,Uganda,14,84,31
1990,United Kingdom,147,76,123
1990,United States,32,5,7
1990,Uruguay,1,0,0
1990,Venezuela,1,0,0
1990,Zambia,4,20,22
1991,Albania,1,0,0
1991,Argentina,27,1,7
1991,Armenia,1,0,0
1991,Australia,4,0,0
1991,Austria,3,0,0
1991,Azerbaijan,3,26,4
1991,Bolivia,28,7,1
1991,Bulgaria,3,0,0
1991,Cambodia,3,16,18
1991,Costa Rica,2,0,0
1991,Croatia,26,237,35
1991,Denmark,1,0,0
1991,Djibouti,1,8,26
1991,Dominican Republic,8,1,0
1991,Ecuador,17,0,0
1991,Egypt,10,8,13
1991,El Salvador,500,426,1017
1991,France,137,6,5
1991,Georgia,3,2,8
1991,Germany,65,10,35
1991,Greece,57,15,23
1991,Guatemala,77,73,22
1991,Haiti,17,137,1
1991,Honduras,21,18,21
1991,Hungary,3,0,3
1991,Indonesia,7,21,60
1991,Ireland,16,3,0
1991,Italy,31,0,6
1991,Jamaica,1,0,0
1991,Japan,19,1,1
1991,Jordan,11,1,8
1991,Kenya,5,0,0
1991,Lebanon,91,98,386
1991,Lithuania,1,0,1
1991,Malaysia,3,0,1
1991,Mexico,10,13,0
1991,Morocco,3,3,0
1991,Netherlands,8,0,0
1991,New Zealand,1,0,0
1991,Nicaragua,80,54,45
1991,Norway,2,0,0
1991,Pakistan,150,231,599
1991,Panama,16,2,0
1991,Peru,658,1412,420
1991,Philippines,162,432,247
1991,Romania,1,1,3
1991,Sierra Leone,9,128,0
1991,Singapore,1,4,2
1991,South Africa,127,384,387
1991,South Korea,6,0,0
1991,Spain,89,46,164
1991,Swaziland,1,0,0
1991,Sweden,6,1,1
1991,Switzerland,2,0,4
1991,Thailand,8,11,27
1991,Trinidad and Tobago,1,0,1
1991,Tunisia,2,4,0
1991,Turkey,293,308,300
1991,Uganda,2,2,0
1991,Ukraine,2,0,1
1991,United Kingdom,262,88,235
1991,United States,30,2,4
1991,Uruguay,3,0,0
1991,Venezuela,17,47,1
1991,Yemen,5,1,2
1992,Albania,3,1,0
1992,Argentina,41,33,224
1992,Armenia,2,2,1
1992,Australia,4,1,4
1992,Austria,8,0,1
1992,Azerbaijan,12,186,50
1992,Bolivia,38,5,4
1992,Bulgaria,2,0,0
1992,Cambodia,67,64,148
1992,Canada,3,0,2
1992,Costa Rica,2,0,0
1992,Croatia,4,2,20
1992,Denmark,4,1,0
1992,Djibouti,6,228,21
1992,Dominican Republic,11,1,10
1992,Ecuador,23,2,6
1992,Egypt,79,49,121
1992,El Salvador,29,23,38
1992,Estonia,2,0,1
1992,Finland,1,0,0
1992,France,126,9,12
1992,Georgia,39,109,50
1992,Germany,156,17,217
1992,Ghana,8,0,1
1992,Greece,35,2,34
1992,Guatemala,48,28,67
1992,Guinea,2,0,0
1992,Guyana,4,0,1
1992,Haiti,27,18,7
1992,Honduras,12,5,5
1992,Hungary,1,0,1
1992,Indonesia,4,33,0
1992,Ireland,7,0,0
1992,Italy,37,17,23
1992,Jamaica,6,5,0
1992,Japan,40,0,0
1992,Jordan,2,1,0
1992,Kenya,30,155,62
1992,Latvia,2,0,1
1992,Lebanon,91,79,116
1992,Lithuania,1,0,0
1992,Malawi,3,32,0
1992,Malaysia,2,0,0
1992,Mexico,6,6,2
1992,Morocco,1,2,0
1992,Netherlands,12,0,1
1992,Nicaragua,30,22,13
1992,Norway,2,0,2
1992,Pakistan,85,152,393
1992,Panama,37,3,20
1992,Paraguay,4,0,0
1992,Peru,383,818,762
1992,Philippines,162,395,465
1992,Poland,5,4,5
1992,Portugal,1,0,1
1992,Romania,1,0,0
1992,Sierra Leone,4,21,4
1992,Singapore,1,0,0
1992,South Africa,271,706,447
1992,South Korea,3,1,0
1992,Spain,72,29,83
1992,Swaziland,1,0,0
1992,Sweden,12,2,5
1992,Switzerland,6,6,6
1992,Tajikistan,17,14,804
1992,Thailand,25,39,90
1992,Trinidad and Tobago,1,0,0
1992,Turkey,514,1233,537
1992,Uganda,3,2,14
1992,Ukraine,1,1,1
1992,United Kingdom,274,97,544
1992,United States,32,2,3
1992,Uruguay,11,0,0
1992,Venezuela,32,7,28
1992,Vietnam,1,0,0
1992,Yemen,24,20,21
1994,Albania,2,1,0
1994,Argentina,14,86,266
1994,Armenia,4,15,46
1994,Australia,9,3,8
1994,Austria,5,0,3
1994,Azerbaijan,11,30,104
1994,Belarus,1,0,0
1994,Bolivia,8,1,21
1994,Bulgaria,2,1,1
1994,Cambodia,39,225,88
1994,Canada,4,0,1
1994,Costa Rica,1,1,0
1994,Croatia,4,3,0
1994,Czech Republic,1,0,0
1994,Djibouti,2,6,15
1994,Dominican Republic,7,2,18
1994,Ecuador,6,0,2
1994,Egypt,143,173,148
1994,El Salvador,21,22,32
1994,Estonia,6,0,0
1994,Finland,1,0,0
1994,France,97,7,22
1994,Gambia,1,13,0
1994,Georgia,18,29,45
1994,Germany,79,2,85
1994,Ghana,4,13,0
1994,Greece,42,3,19
1994,Guatemala,84,22,39
1994,Guinea,2,2,20
1994,Haiti,27,87,50
1994,Honduras,6,10,26
1994,Hungary,2,0,0
1994,Indonesia,5,1,6
1994,Ireland,10,4,2
1994,Italy,18,2,8
1994,Jamaica,2,2,0
1994,Japan,9,8,504
1994,Jordan,6,0,7
1994,Kenya,5,40,1
1994,Latvia,2,1,0
1994,Lebanon,67,57,127
1994,Lesotho,3,0,0
1994,Macedonia,1,0,0
1994,Mexico,42,88,32
1994,Morocco,2,0,0
1994,Netherlands,3,0,1
1994,New Zealand,1,0,0
1994,Nicaragua,19,12,7
1994,Norway,2,0,0
1994,Pakistan,154,354,434
1994,Panama,3,21,0
1994,Paraguay,2,1,2
1994,Peru,91,81,64
1994,Philippines,72,126,198
1994,Poland,4,0,0
1994,Portugal,1,2,0
1994,Sierra Leone,22,228,33
1994,Singapore,1,1,1
1994,Slovenia,1,1,1
1994,South Africa,174,447,581
1994,South Korea,2,1,1
1994,Spain,55,17,31
1994,Sweden,1,0,1
1994,Tajikistan,31,48,63
1994,Thailand,24,17,47
1994,Trinidad and Tobago,1,2,0
1994,Tunisia,1,1,0
1994,Turkey,300,982,452
1994,Uganda,13,22,41
1994,Ukraine,10,4,6
1994,United Kingdom,256,66,177
1994,United States,55,10,16
1994,Uruguay,4,0,4
1994,Venezuela,12,4,10
1994,Vietnam,1,0,21
1994,Yemen,19,14,2
1995,Argentina,16,0,1
1995,Armenia,1,2,20
1995,Australia,5,0,0
1995,Austria,12,6,6
1995,Azerbaijan,2,0,0
1995,Bolivia,2,0,0
1995,Botswana,1,0,1
1995,Bulgaria,2,3,0
1995,Cambodia,56,21,98
1995,Canada,5,1,1
1995,Croatia,1,1,2
1995,Czech Republic,3,1,0
1995,Denmark,6,0,0
1995,Djibouti,2,0,4
1995,Ecuador,6,4,2
1995,Egypt,102,134,135
1995,El Salvador,9,3,16
1995,Estonia,2,0,0
1995,Finland,1,0,1
1995,France,71,19,177
1995,Gambia,1,0,0
1995,Georgia,17,14,23
1995,Germany,147,10,26
1995,Ghana,1,2,6
1995,Greece,8,0,0
1995,Guatemala,82,40,10
1995,Haiti,34,16,40
1995,Honduras,12,8,2
1995,Indonesia,24,41,51
1995,Ireland,3,1,1
1995,Italy,1,0,1
1995,Jamaica,1,1,1
1995,Japan,20,15,6225
1995,Jordan,3,1,2
1995,Kenya,4,2,2
1995,Latvia,1,0,0
1995,Lebanon,38,35,72
1995,Lithuania,2,0,0
1995,Macedonia,1,1,6
1995,Mexico,29,61,27
1995,Morocco,1,0,1
1995,Netherlands,7,1,2
1995,Nicaragua,18,6,26
1995,Pakistan,666,712,615
1995,Panama,6,3,0
1995,Paraguay,12,0,16
1995,Peru,44,103,48
1995,Philippines,63,201,102
1995,Poland,4,0,1
1995,Portugal,3,0,15
1995,Romania,1,0,5
1995,Sierra Leone,14,40,23
1995,South Africa,32,105,88
1995,South Korea,4,0,1
1995,Spain,44,18,86
1995,Swaziland,1,0,0
1995,Sweden,1,0,0
1995,Switzerland,5,1,0
1995,Tajikistan,34,78,23
1995,Thailand,12,19,25
1995,Trinidad and Tobago,4,4,0
1995,Tunisia,1,7,0
1995,Turkey,133,189,216
1995,Uganda,7,145,20
1995,Ukraine,2,0,2
1995,United Kingdom,22,11,5
1995,United States,60,178,738
1995,Uruguay,1,0,0
1995,Venezuela,11,8,34
1995,Vietnam,1,0,5
1995,Yemen,8,4,12
1995,Zambia,1,0,0
1996,Albania,6,7,37
1996,Argentina,19,1,12
1996,Armenia,1,2,0
1996,Australia,5,2,1
1996,Austria,4,0,1
1996,Azerbaijan,2,2,0
1996,Bolivia,1,0,0
1996,Bulgaria,12,9,3
1996,Cambodia,33,44,78
1996,Canada,1,0,1
1996,Costa Rica,1,1,4
1996,Croatia,3,0,1
1996,Czech Republic,3,2,3
1996,Dominican Republic,3,3,11
1996,Ecuador,5,2,2
1996,Egypt,51,97,63
1996,El Salvador,7,26,59
1996,Estonia,1,1,10
1996,France,270,18,114
1996,Georgia,3,2,10
1996,Germany,52,1,5
1996,Ghana,2,3,0
1996,Greece,20,0,3
1996,Guatemala,26,14,9
1996,Guinea,1,2,0
1996,Haiti,27,14,7
1996,Honduras,19,11,29
1996,Hungary,13,0,8
1996,Indonesia,65,30,188
1996,Ireland,1,1,0
1996,Italy,8,0,1
1996,Jamaica,1,1,0
1996,Japan,8,0,2
1996,Jordan,2,0,1
1996,Kenya,3,2,0
1996,Kyrgyzstan,5,0,0
1996,Lebanon,39,57,70
1996,Lithuania,3,0,1
1996,Mauritania,1,0,0
1996,Mexico,75,96,211
1996,Morocco,2,0,13
1996,Netherlands,6,0,0
1996,New Zealand,2,0,2
1996,Nicaragua,26,18,15
1996,Norway,1,0,1
1996,Pakistan,180,423,755
1996,Panama,2,0,0
1996,Peru,42,74,74
1996,Philippines,61,95,143
1996,Poland,6,1,7
1996,Sierra Leone,5,60,11
1996,Slovenia,3,0,1
1996,South Africa,47,82,106
1996,South Korea,1,0,30
1996,Spain,63,5,63
1996,Sweden,1,0,0
1996,Switzerland,4,1,3
1996,Tajikistan,22,50,34
1996,Thailand,19,10,16
1996,Trinidad and Tobago,3,0,3
1996,Turkey,54,117,92
1996,Uganda,29,413,110
1996,Ukraine,3,0,3
1996,United Kingdom,36,14,395
1996,United States,35,2,84
1996,Uruguay,1,0,0
1996,Venezuela,12,13,4
1996,Vietnam,1,0,1
1996,Yemen,8,3,4
1996,Zambia,4,0,8
1997,Albania,41,26,77
1997,Argentina,11,3,2
1997,Australia,4,0,23
1997,Austria,1,0,0
1997,Azerbaijan,1,1,0
1997,Bahamas,2,1,0
1997,Belarus,2,1,0
1997,Bolivia,4,4,7
1997,Bulgaria,3,0,0
1997,Cambodia,18,100,284
1997,Canada,2,0,1
1997,Costa Rica,1,2,1
1997,Croatia,8,2,2
1997,Czech Republic,4,1,0
1997,Djibouti,1,11,16
1997,Dominican Republic,12,3,30
1997,Ecuador,4,1,0
1997,Egypt,22,165,47
1997,El Salvador,2,1,9
1997,France,130,0,4
1997,Georgia,6,35,3
1997,Germany,12,0,27
1997,Ghana,1,1,3
1997,Greece,21,1,3
1997,Guatemala,26,22,22
1997,Guyana,1,0,0
1997,Haiti,16,9,11
1997,Honduras,22,14,18
1997,Hungary,17,3,2
1997,Indonesia,27,102,99
1997,Ireland,4,0,0
1997,Italy,8,0,0
1997,Jamaica,8,10,32
1997,Japan,5,0,0
1997,Jordan,3,0,4
1997,Kenya,17,36,21
1997,Latvia,2,0,0
1997,Lebanon,46,36,50
1997,Lithuania,1,1,0
1997,Macedonia,2,0,0
1997,Mexico,95,229,47
1997,Netherlands,1,0,0
1997,New Zealand,1,0,0
1997,Nicaragua,7,7,5
1997,Pakistan,206,443,525
1997,Panama,6,3,4
1997,Paraguay,6,1,12
1997,Peru,58,47,57
1997,Philippines,57,98,273
1997,Poland,3,2,5
1997,Sierra Leone,3,16,1
1997,Slovenia,1,0,0
1997,South Africa,17,23,4
1997,Spain,86,11,25
1997,Swaziland,1,0,0
1997,Sweden,4,1,1
1997,Switzerland,1,0,0
1997,Tajikistan,40,43,44
1997,Thailand,20,18,24
1997,Turkey,44,60,108
1997,Uganda,24,239,121
1997,Ukraine,2,2,0
1997,United Kingdom,78,23,35
1997,United States,42,2,19
1997,Uruguay,2,0,1
1997,Venezuela,41,3,1
1997,Vietnam,2,1,0
1997,Yemen,19,11,8
1998,Albania,7,0,5
1998,Armenia,2,0,1
1998,Australia,6,0,2
1998,Austria,1,0,0
1998,Bulgaria,2,0,1
1998,Cambodia,7,35,5
1998,Canada,4,1,0
1998,Ecuador,3,0,1
1998,Egypt,3,9,15
1998,France,12,1,0
1998,Georgia,12,32,47
1998,Germany,6,0,0
1998,Greece,28,0,2
1998,Guyana,2,0,1
1998,Haiti,1,0,0
1998,Hungary,2,0,0
1998,Indonesia,3,9,5
1998,Ireland,3,1,2
1998,Italy,6,0,14
1998,Japan,1,0,1
1998,Jordan,1,0,0
1998,Kenya,2,226,4000
1998,Latvia,4,0,0
1998,Lebanon,23,17,48
1998,Macedonia,5,0,0
1998,Mexico,2,3,5
1998,Pakistan,37,151,349
1998,Peru,5,7,12
1998,Philippines,18,6,85
1998,Poland,2,0,0
1998,Sierra Leone,7,258,19
1998,South Africa,6,13,31
1998,Spain,17,6,6
1998,Swaziland,1,1,2
1998,Switzerland,1,0,0
1998,Tajikistan,11,29,3
1998,Thailand,4,4,42
1998,Turkey,23,37,108
1998,Uganda,18,81,72
1998,United Kingdom,63,46,259
1998,United States,31,4,3
1998,Venezuela,1,0,1
1998,Yemen,7,8,3
1999,Albania,3,6,5
1999,Argentina,1,0,0
1999,Armenia,2,8,0
1999,Belarus,1,0,0
1999,Bulgaria,1,0,0
1999,Cambodia,8,1,18
1999,Canada,2,0,2
1999,Denmark,1,0,0
1999,Ecuador,2,0,0
1999,Egypt,1,1,1
1999,Estonia,1,0,0
1999,France,46,0,2
1999,Georgia,7,5,26
1999,Germany,13,3,47
1999,Greece,35,1,4
1999,Guatemala,1,3,0
1999,Haiti,5,3,3
1999,Indonesia,60,67,79
1999,Ireland,3,0,1
1999,Italy,7,1,0
1999,Japan,2,0,0
1999,Jordan,2,0,1
1999,Kyrgyzstan,3,1,7
1999,Latvia,1,0,0
1999,Lebanon,42,23,48
1999,Macedonia,3,0,0
1999,Mexico,1,0,2
1999,Netherlands,1,0,0
1999,Nicaragua,1,0,0
1999,Pakistan,39,127,246
1999,Panama,1,0,0
1999,Paraguay,1,2,1
1999,Peru,5,28,3
1999,Philippines,31,45,190
1999,Sierra Leone,9,28,0
1999,South Africa,17,4,74
1999,Spain,47,0,2
1999,Swaziland,1,0,0
1999,Sweden,2,0,4
1999,Switzerland,2,0,0
1999,Tajikistan,4,2,6
1999,Thailand,4,0,0
1999,Turkey,109,127,271
1999,Uganda,19,75,91
1999,Ukraine,6,1,37
1999,United Kingdom,76,8,225
1999,United States,54,20,40
1999,Venezuela,5,0,0
1999,Yemen,17,11,45
1999,Zambia,7,1,1
2000,Albania,2,0,0
2000,Armenia,2,0,0
2000,Australia,1,0,0
2000,Azerbaijan,1,0,3
2000,Bulgaria,2,4,0
2000,Cambodia,4,12,23
2000,Canada,5,0,30
2000,Croatia,2,3,8
2000,Ecuador,4,0,1
2000,France,28,4,1
2000,Gambia,1,0,2
2000,Georgia,7,3,5
2000,Germany,8,1,29
2000,Greece,28,1,0
2000,Guatemala,1,2,0
2000,Guinea,12,206,32
2000,Haiti,9,5,15
2000,Indonesia,101,146,336
2000,Italy,8,0,3
2000,Japan,13,0,0
2000,Jordan,2,0,2
2000,Kenya,4,26,5
2000,Kyrgyzstan,4,2,4
2000,Latvia,3,1,34
2000,Lebanon,12,12,12
2000,Macedonia,3,3,0
2000,Malaysia,3,2,0
2000,Mexico,4,5,3
2000,Netherlands,1,0,0
2000,Nicaragua,1,2,1
2000,Pakistan,49,118,448
2000,Panama,1,0,0
2000,Paraguay,2,0,3
2000,Peru,3,4,6
2000,Philippines,132,290,643
2000,Sierra Leone,24,60,31
2000,Slovenia,1,0,0
2000,South Africa,21,18,45
2000,Spain,112,29,93
2000,Sweden,1,0,1
2000,Switzerland,4,0,0
2000,Tajikistan,6,11,77
2000,Thailand,4,7,4
2000,Tunisia,1,5,0
2000,Turkey,35,12,27
2000,Uganda,20,297,90
2000,Ukraine,1,0,0
2000,United Kingdom,61,7,28
2000,United States,42,8,10
2000,Yemen,10,19,40
2000,Zambia,8,0,2
2001,Albania,1,0,0
2001,Argentina,2,0,1
2001,Armenia,2,1,0
2001,Australia,2,0,0
2001,Azerbaijan,4,1,6
2001,Belarus,1,0,0
2001,Bulgaria,1,0,0
2001,Cambodia,7,4,13
2001,Costa Rica,1,1,0
2001,Croatia,3,0,0
2001,Czech Republic,1,0,0
2001,Ecuador,5,0,0
2001,Estonia,1,1,0
2001,France,21,0,16
2001,Georgia,4,6,9
2001,Germany,8,3,6
2001,Greece,14,0,3
2001,Guatemala,2,1,1
2001,Guyana,1,0,0
2001,Haiti,5,0,2
2001,Hungary,1,1,1
2001,Indonesia,106,134,190
2001,Ireland,2,0,2
2001,Italy,11,0,4
2001,Japan,3,0,0
2001,Jordan,2,1,0
2001,Kenya,7,13,8
2001,Kyrgyzstan,1,0,0
2001,Lebanon,5,0,3
2001,Macedonia,67,35,29
2001,Malaysia,1,0,2
2001,Mexico,7,13,5
2001,Netherlands,1,0,3
2001,New Zealand,1,0,0
2001,Norway,1,1,0
2001,Pakistan,53,109,265
2001,Peru,3,16,9
2001,Philippines,50,154,274
2001,Poland,1,0,4
2001,South Korea,1,0,2
2001,Spain,79,14,174
2001,Switzerland,2,14,18
2001,Tajikistan,6,8,11
2001,Thailand,14,11,59
2001,Tunisia,1,3,0
2001,Turkey,19,17,40
2001,Uganda,24,56,83
2001,United Kingdom,94,8,33
2001,United States,47,3014,21894
2001,Venezuela,5,0,1
2001,Vietnam,4,0,0
2001,Yemen,7,2,3
2002,Azerbaijan,1,0,1
2002,Bulgaria,1,1,0
2002,Cambodia,3,4,1
2002,Ecuador,2,0,3
2002,France,32,0,4
2002,Georgia,2,1,15
2002,Germany,3,0,2
2002,Greece,10,0,0
2002,Guyana,1,4,6
2002,Haiti,2,0,1
2002,Honduras,1,0,0
2002,Indonesia,43,246,535
2002,Italy,7,1,0
2002,Japan,2,0,0
2002,Jordan,2,3,0
2002,Kenya,2,16,0
2002,Kyrgyzstan,2,2,1
2002,Lebanon,8,2,4
2002,Macedonia,8,3,4
2002,Malawi,1,1,0
2002,Netherlands,2,1,0
2002,Pakistan,46,105,331
2002,Peru,2,9,32
2002,Philippines,48,125,342
2002,South Africa,8,1,1
2002,Spain,41,5,73
2002,Thailand,12,16,45
2002,Tunisia,1,21,30
2002,Turkey,5,0,0
2002,Turkmenistan,1,0,1
2002,Uganda,24,173,44
2002,Ukraine,3,1,2
2002,United Kingdom,21,2,13
2002,United States,33,4,11
2002,Venezuela,5,0,0
2002,Yemen,7,4,6
2002,Zambia,1,0,0
2003,Albania,1,0,0
2003,Argentina,1,0,0
2003,Bolivia,1,0,0
2003,Cambodia,1,1,0
2003,Czech Republic,1,0,0
2003,Ecuador,4,0,4
2003,France,34,0,21
2003,Georgia,6,0,1
2003,Germany,2,0,0
2003,Greece,12,0,2
2003,Guatemala,3,1,5
2003,Guyana,1,0,0
2003,Haiti,5,4,1
2003,Indonesia,18,26,166
2003,Ireland,1,0,0
2003,Italy,15,0,51
2003,Japan,2,0,0
2003,Kenya,2,3,0
2003,Kyrgyzstan,1,1,0
2003,Lebanon,5,3,1
2003,Macedonia,5,0,1
2003,Mexico,1,2,1
2003,Morocco,5,45,100
2003,Netherlands,3,0,0
2003,New Zealand,3,0,0
2003,Norway,1,0,0
2003,Pakistan,29,119,181
2003,Peru,1,7,10
2003,Philippines,107,288,531
2003,South Korea,1,0,60
2003,Spain,21,3,25
2003,Swaziland,1,0,0
2003,Switzerland,1,0,0
2003,Thailand,6,6,6
2003,Turkey,19,67,778
2003,Uganda,30,231,72
2003,Ukraine,1,0,1
2003,United Kingdom,23,2,11
2003,United States,33,0,0
2003,Venezuela,8,0,4
2003,Yemen,7,16,9
2004,Canada,2,0,0
2004,Djibouti,1,0,7
2004,Ecuador,2,0,0
2004,Egypt,3,37,171
2004,France,11,0,10
2004,Georgia,3,0,1
2004,Germany,3,1,25
2004,Greece,4,0,3
2004,Guatemala,2,3,0
2004,Haiti,2,7,30
2004,Honduras,1,28,14
2004,Indonesia,17,42,238
2004,Italy,3,1,0
2004,Lebanon,1,1,2
2004,Mauritania,1,0,0
2004,Mexico,1,0,3
2004,Netherlands,1,1,2
2004,Pakistan,67,304,671
2004,Peru,3,6,5
2004,Philippines,31,203,160
2004,Spain,31,193,1811
2004,Thailand,44,32,150
2004,Turkey,27,25,92
2004,Uganda,10,193,107
2004,United Kingdom,5,0,2
2004,United States,9,0,0
2005,Argentina,3,0,0
2005,Bolivia,1,0,0
2005,Croatia,1,0,1
2005,Egypt,2,92,117
2005,France,33,0,11
2005,Georgia,6,8,32
2005,Germany,3,2,0
2005,Greece,6,0,5
2005,Guinea,1,0,0
2005,Haiti,1,1,0
2005,Indonesia,15,66,171
2005,Italy,6,1,7
2005,Jordan,4,62,101
2005,Kenya,2,56,0
2005,Kyrgyzstan,2,0,0
2005,Lebanon,17,32,278
2005,Mauritania,1,23,20
2005,Mexico,1,2,0
2005,Pakistan,77,152,284
2005,Peru,2,7,2
2005,Philippines,25,49,149
2005,Spain,24,0,82
2005,Sweden,3,0,0
2005,Tajikistan,1,0,0
2005,Thailand,155,130,348
2005,Trinidad and Tobago,2,0,14
2005,Turkey,41,35,140
2005,Uganda,11,80,43
2005,United Kingdom,29,57,787
2005,United States,21,0,0
2005,Uruguay,1,0,0
2005,Yemen,7,12,7
2006,Australia,2,0,0
2006,Austria,1,0,0
2006,Belarus,1,0,1
2006,Canada,2,0,0
2006,Egypt,5,19,100
2006,France,34,1,3
2006,Georgia,3,5,4
2006,Germany,4,2,0
2006,Greece,23,0,2
2006,Guatemala,4,5,0
2006,Guyana,2,6,0
2006,Haiti,1,2,1
2006,Indonesia,10,6,6
2006,Ireland,1,1,0
2006,Italy,4,0,2
2006,Jordan,1,1,6
2006,Kenya,2,18,6
2006,Kyrgyzstan,3,1,2
2006,Lebanon,8,17,10
2006,Lesotho,1,0,1
2006,Macedonia,3,0,0
2006,Mexico,7,7,34
2006,Norway,1,0,0
2006,Pakistan,164,315,669
2006,Peru,1,7,0
2006,Philippines,58,60,163
2006,South Korea,1,0,1
2006,Spain,23,2,24
2006,Swaziland,1,0,0
2006,Sweden,1,0,0
2006,Thailand,202,194,413
2006,Turkey,43,46,316
2006,United Kingdom,6,0,0
2006,United States,6,1,14
2006,Yemen,5,14,9
2007,Armenia,1,0,0
2007,Austria,1,0,0
2007,Azerbaijan,1,0,0
2007,Bolivia,3,0,0
2007,Finland,1,9,13
2007,France,16,3,8
2007,Germany,3,1,1
2007,Greece,15,0,3
2007,Haiti,2,1,1
2007,Indonesia,2,0,1
2007,Ireland,1,0,0
2007,Jamaica,1,0,1
2007,Kenya,12,33,48
2007,Kyrgyzstan,1,0,1
2007,Latvia,1,0,1
2007,Lebanon,18,40,148
2007,Macedonia,1,0,1
2007,Mexico,10,25,6
2007,Morocco,6,13,26
2007,Pakistan,260,1406,2343
2007,Peru,4,18,52
2007,Philippines,65,115,404
2007,South Africa,2,1,1
2007,Spain,11,0,5
2007,Switzerland,2,0,1
2007,Tajikistan,1,1,0
2007,Thailand,293,264,647
2007,Tunisia,1,14,0
2007,Turkey,30,26,122
2007,Uganda,1,2,1
2007,Ukraine,1,0,0
2007,United Kingdom,24,4,20
2007,United States,8,0,0
2007,Venezuela,2,1,8
2007,Yemen,7,24,46
2008,Australia,1,0,0
2008,Austria,7,0,0
2008,Azerbaijan,2,5,13
2008,Belarus,1,0,50
2008,Bulgaria,2,0,0
2008,Cambodia,2,1,2
2008,Canada,5,0,9
2008,Croatia,2,0,0
2008,Czech Republic,2,0,20
2008,Denmark,1,0,2
2008,Ecuador,2,0,3
2008,Egypt,1,0,0
2008,Finland,1,0,1
2008,France,13,0,1
2008,Georgia,33,13,62
2008,Germany,3,0,2
2008,Greece,53,0,3
2008,Guyana,3,23,12
2008,Hungary,2,0,0
2008,Indonesia,13,0,0
2008,Ireland,5,0,0
2008,Italy,1,0,0
2008,Japan,3,0,0
2008,Kenya,11,103,3
2008,Lebanon,58,142,490
2008,Macedonia,9,2,11
2008,Malaysia,2,0,0
2008,Mauritania,2,12,0
2008,Mexico,8,21,104
2008,Netherlands,1,0,0
2008,New Zealand,5,0,0
2008,Pakistan,568,1184,1901
2008,Peru,1,0,0
2008,Philippines,276,220,388
2008,Romania,1,0,1
2008,South Africa,1,0,0
2008,Spain,37,3,59
2008,Swaziland,3,0,0
2008,Sweden,1,0,0
2008,Thailand,200,166,636
2008,Tunisia,1,0,0
2008,Turkey,32,42,274
2008,Uganda,7,3,11
2008,Ukraine,1,0,2
2008,United Kingdom,39,0,8
2008,United States,18,2,13
2008,Venezuela,1,1,0
2008,Yemen,22,74,177
2009,Albania,1,0,0
2009,Argentina,1,0,0
2009,Armenia,1,1,0
2009,Australia,1,0,0
2009,Austria,3,1,9
2009,Azerbaijan,2,1,2
2009,Bolivia,3,0,7
2009,Canada,4,0,0
2009,Croatia,1,0,3
2009,Czech Republic,1,0,4
2009,Ecuador,1,0,0
2009,Egypt,2,1,25
2009,France,9,0,11
2009,Georgia,25,5,21
2009,Germany,4,0,0
2009,Greece,115,1,10
2009,Honduras,8,2,1
2009,Hungary,1,2,0
2009,Indonesia,19,15,62
2009,Italy,4,0,2
2009,Japan,1,0,0
2009,Kenya,1,0,0
2009,Lebanon,14,17,21
2009,Lesotho,1,0,0
2009,Macedonia,1,0,1
2009,Malaysia,1,0,1
2009,Mauritania,5,2,4
2009,Mexico,1,2,3
2009,Netherlands,1,7,12
2009,Pakistan,667,1487,3541
2009,Panama,1,1,0
2009,Peru,4,19,9
2009,Philippines,229,151,354
2009,Spain,21,3,48
2009,Sweden,1,0,0
2009,Tajikistan,1,0,1
2009,Thailand,298,270,460
2009,Turkey,13,18,48
2009,Uganda,2,11,0
2009,Ukraine,2,0,8
2009,United Kingdom,23,3,12
2009,United States,12,22,50
2009,Venezuela,3,10,1
2009,Yemen,23,47,29
2010,Argentina,5,0,0
2010,Australia,1,0,0
2010,Belarus,2,0,0
2010,Canada,2,0,0
2010,Denmark,1,0,1
2010,Egypt,2,0,0
2010,France,3,0,0
2010,Georgia,7,4,14
2010,Germany,1,0,0
2010,Greece,49,4,5
2010,Indonesia,4,0,6
2010,Ireland,4,0,8
2010,Italy,10,0,3
2010,Jordan,2,1,4
2010,Kenya,12,19,159
2010,Kyrgyzstan,1,0,4
2010,Lebanon,5,2,6
2010,Mauritania,1,1,0
2010,Mexico,5,0,0
2010,Netherlands,1,0,0
2010,Norway,1,0,1
2010,Pakistan,713,1701,2967
2010,Paraguay,2,2,7
2010,Philippines,205,155,231
2010,Poland,1,1,1
2010,Spain,3,0,0
2010,Sweden,3,1,2
2010,Tajikistan,1,4,25
2010,Thailand,253,154,313
2010,Trinidad and Tobago,1,0,0
2010,Turkey,20,13,7
2010,Uganda,6,75,71
2010,Ukraine,4,1,8
2010,United Kingdom,57,0,22
2010,United States,17,4,17
2010,Yemen,112,345,233
2011,Argentina,1,0,0
2011,Austria,1,0,0
2011,Belarus,1,13,161
2011,Bulgaria,2,0,0
2011,Czech Republic,1,0,0
2011,Ecuador,1,0,0
2011,Egypt,18,28,109
2011,Estonia,1,1,0
2011,France,8,0,4
2011,Georgia,3,1,1
2011,Germany,8,2,2
2011,Greece,11,0,5
2011,Honduras,1,2,0
2011,Indonesia,21,20,70
2011,Ireland,4,1,0
2011,Italy,5,2,5
2011,Kenya,42,42,112
2011,Kyrgyzstan,1,0,0
2011,Lebanon,10,1,23
2011,Mauritania,3,1,4
2011,Mexico,2,0,1
2011,Morocco,1,17,24
2011,Netherlands,2,0,0
2011,Norway,3,77,75
2011,Pakistan,1012,1676,2649
2011,Paraguay,4,0,4
2011,Philippines,151,127,228
2011,Portugal,2,0,0
2011,Sweden,1,0,0
2011,Switzerland,3,0,2
2011,Thailand,182,152,435
2011,Tunisia,3,4,0
2011,Turkey,51,25,110
2011,Ukraine,3,0,0
2011,United Kingdom,47,1,3
2011,United States,10,0,2
2011,Yemen,118,461,415
2012,Argentina,2,0,0
2012,Belarus,3,0,0
2012,Bolivia,1,0,2
2012,Bulgaria,2,8,30
2012,Canada,3,0,0
2012,Ecuador,1,0,0
2012,Egypt,49,44,87
2012,France,66,8,8
2012,Georgia,3,1,2
2012,Germany,5,0,0
2012,Greece,23,1,3
2012,Guatemala,1,2,1
2012,Iceland,1,0,0
2012,Indonesia,39,15,20
2012,Ireland,29,0,0
2012,Italy,10,0,1
2012,Jordan,2,1,16
2012,Kenya,80,107,421
2012,Lebanon,15,9,92
2012,Macedonia,1,5,0
2012,Malaysia,2,2,1
2012,Mexico,16,17,8
2012,Pakistan,1654,2784,4265
2012,Paraguay,4,1,2
2012,Peru,9,12,13
2012,Philippines,249,212,441
2012,South Africa,4,5,4
2012,Spain,1,0,0
2012,Sweden,2,0,0
2012,Tajikistan,5,3,6
2012,Thailand,280,209,1055
2012,Tunisia,3,4,46
2012,Turkey,189,248,463
2012,Uganda,4,5,0
2012,Ukraine,8,1,36
2012,United Kingdom,54,2,2
2012,United States,20,7,7
2012,Venezuela,1,0,2
2012,Yemen,312,1056,925
2013,Albania,1,0,0
2013,Argentina,2,0,2
2013,Armenia,1,0,1
2013,Australia,1,0,0
2013,Austria,1,0,2
2013,Bahamas,1,0,0
2013,Bulgaria,3,0,0
2013,Cambodia,2,0,0
2013,Canada,4,0,0
2013,Croatia,2,0,1
2013,Czech Republic,1,1,0
2013,Denmark,1,0,0
2013,Dominican Republic,1,0,0
2013,Ecuador,2,1,0
2013,Egypt,321,243,623
2013,France,18,0,5
2013,Georgia,2,2,0
2013,Greece,55,4,7
2013,Guatemala,6,4,3
2013,Guinea,2,0,0
2013,Honduras,2,5,0
2013,Indonesia,32,23,16
2013,Ireland,27,0,2
2013,Italy,7,0,4
2013,Japan,1,0,0
2013,Jordan,1,0,0
2013,Kenya,80,207,446
2013,Lebanon,121,190,1048
2013,Malaysia,13,2,1
2013,Mexico,8,47,110
2013,Pakistan,2215,2875,5769
2013,Paraguay,10,12,15
2013,Peru,13,6,4
2013,Philippines,651,432,666
2013,South Africa,13,2,5
2013,Spain,5,0,1
2013,Switzerland,2,0,0
2013,Thailand,472,255,680
2013,Trinidad and Tobago,3,0,0
2013,Tunisia,29,25,28
2013,Turkey,42,83,192
2013,Ukraine,5,1,3
2013,United Kingdom,136,4,64
2013,United States,20,23,436
2013,Venezuela,1,0,7
2013,Yemen,434,626,901
2014,Albania,2,1,2
2014,Argentina,1,0,0
2014,Australia,8,4,7
2014,Azerbaijan,3,0,1
2014,Bulgaria,1,0,0
2014,Canada,3,7,6
2014,Czech Republic,5,1,1
2014,Djibouti,1,5,15
2014,Dominican Republic,1,0,35
2014,Egypt,354,343,548
2014,France,14,1,15
2014,Georgia,2,0,1
2014,Germany,13,0,0
2014,Ghana,1,0,3
2014,Greece,27,0,4
2014,Honduras,1,0,1
2014,Hungary,1,0,0
2014,Iceland,1,0,0
2014,Indonesia,35,20,30
2014,Ireland,33,0,1
2014,Italy,7,0,3
2014,Jamaica,1,0,1
2014,Japan,5,0,0
2014,Jordan,3,1,7
2014,Kenya,115,315,408
2014,Kyrgyzstan,2,1,1
2014,Lebanon,205,135,532
2014,Macedonia,3,0,5
2014,Malaysia,12,1,4
2014,Mexico,5,1,2
2014,Netherlands,1,0,0
2014,New Zealand,1,0,0
2014,Nicaragua,2,5,28
2014,Pakistan,2149,2411,3388
2014,Paraguay,15,6,2
2014,Peru,12,4,12
2014,Philippines,597,472,723
2014,South Africa,20,9,8
2014,Spain,4,0,0
2014,Sweden,5,0,1
2014,Tajikistan,1,1,2
2014,Thailand,423,192,651
2014,Tunisia,23,43,64
2014,Turkey,95,40,89
2014,Turkmenistan,1,3,2
2014,Uganda,6,98,16
2014,Ukraine,896,1397,1226
2014,United Kingdom,104,1,4
2014,United States,29,26,19
2014,Venezuela,4,1,1
2014,Yemen,814,1384,1352
2015,Albania,4,0,0
2015,Argentina,1,0,0
2015,Armenia,2,0,1
2015,Australia,12,2,0
2015,Bulgaria,2,0,0
2015,Canada,5,0,2
2015,Czech Republic,4,0,0
2015,Denmark,5,2,6
2015,Djibouti,1,0,0
2015,Ecuador,1,0,0
2015,Egypt,647,829,1047
2015,Estonia,1,0,0
2015,Finland,9,0,1
2015,France,38,162,443
2015,Georgia,1,0,0
2015,Germany,66,1,48
2015,Greece,30,1,2
2015,Guinea,2,1,4
2015,Hungary,1,0,0
2015,Indonesia,29,22,17
2015,Ireland,28,0,0
2015,Italy,5,0,1
2015,Japan,10,0,0
2015,Jordan,4,7,11
2015,Kenya,70,268,203
2015,Kyrgyzstan,3,1,1
2015,Lebanon,44,111,347
2015,Lesotho,1,1,2
2015,Macedonia,4,0,2
2015,Malaysia,5,1,1
2015,Mexico,19,9,10
2015,Morocco,1,0,0
2015,Netherlands,3,0,0
2015,Pakistan,1243,1608,1849
2015,Paraguay,19,14,0
2015,Peru,10,6,7
2015,Philippines,721,447,752
2015,South Africa,5,5,32
2015,South Korea,1,0,1
2015,Spain,1,0,0
2015,Sweden,35,4,4
2015,Tajikistan,3,12,10
2015,Thailand,278,116,463
2015,Trinidad and Tobago,1,0,0
2015,Tunisia,19,107,132
2015,Turkey,425,490,1107
2015,Uganda,10,4,1
2015,Ukraine,638,766,1401
2015,United Kingdom,114,1,22
2015,United States,39,54,59
2015,Venezuela,3,1,0
2015,Yemen,818,2506,3195
2016,Albania,2,0,0
2016,Argentina,2,0,2
2016,Armenia,2,6,1
2016,Australia,9,0,1
2016,Austria,3,0,0
2016,Azerbaijan,2,1,1
2016,Bulgaria,1,0,1
2016,Canada,6,1,33
2016,Czech Republic,2,0,1
2016,Denmark,1,1,3
2016,Ecuador,6,1,14
2016,Egypt,376,609,633
2016,Finland,3,0,0
2016,France,25,94,457
2016,Georgia,4,1,7
2016,Germany,45,27,118
2016,Ghana,1,0,0
2016,Greece,30,0,2
2016,Guinea,1,1,0
2016,Guyana,1,0,0
2016,Haiti,1,7,0
2016,Honduras,1,2,0
2016,Hungary,1,0,2
2016,Indonesia,19,22,35
2016,Ireland,15,2,3
2016,Italy,11,1,1
2016,Japan,1,19,26
2016,Jordan,11,35,65
2016,Kenya,65,72,69
2016,Kyrgyzstan,4,1,5
2016,Lebanon,41,25,74
2016,Malaysia,19,6,9
2016,Mexico,5,4,0
2016,Netherlands,6,0,4
2016,New Zealand,1,0,0
2016,Pakistan,864,1113,1894
2016,Panama,1,0,0
2016,Paraguay,15,10,2
2016,Peru,4,11,7
2016,Philippines,632,415,718
2016,Poland,2,0,1
2016,Sierra Leone,1,1,0
2016,South Africa,27,21,11
2016,South Korea,1,0,0
2016,Spain,3,0,4
2016,Sweden,16,0,1
2016,Switzerland,2,0,2
2016,Tajikistan,2,2,0
2016,Thailand,329,120,385
2016,Tunisia,12,71,26
2016,Turkey,544,1008,2771
2016,Uganda,15,75,19
2016,Ukraine,62,48,41
2016,United Kingdom,104,9,20
2016,United States,68,68,150
2016,Uruguay,1,1,1
2016,Venezuela,6,9,77
2016,Yemen,917,1867,1798
2017,Albania,1,0,0
2017,Argentina,3,0,0
2017,Australia,4,4,21
2017,Austria,1,2,0
2017,Azerbaijan,2,5,2
2017,Canada,16,6,29
2017,Czech Republic,3,0,0
2017,Djibouti,1,0,0
2017,Dominican Republic,1,2,1
2017,Ecuador,3,0,0
2017,Egypt,225,878,627
2017,Finland,2,2,10
2017,France,42,7,28
2017,Georgia,1,0,5
2017,Germany,27,1,10
2017,Greece,44,0,7
2017,Honduras,1,2,0
2017,Indonesia,27,20,27
2017,Ireland,17,0,0
2017,Italy,10,0,8
2017,Jamaica,2,0,0
2017,Jordan,8,4,1
2017,Kenya,97,126,110
2017,Kyrgyzstan,3,1,0
2017,Latvia,1,0,0
2017,Lebanon,23,17,49
2017,Macedonia,1,0,0
2017,Malawi,1,0,0
2017,Malaysia,4,4,2
2017,Mexico,20,23,6
2017,Netherlands,1,0,0
2017,Norway,1,0,0
2017,Pakistan,719,1076,2091
2017,Paraguay,10,4,1
2017,Peru,8,8,4
2017,Philippines,695,500,675
2017,Poland,1,0,0
2017,Sierra Leone,3,0,0
2017,South Africa,29,21,7
2017,Spain,4,21,111
2017,Sweden,18,5,32
2017,Tajikistan,2,1,0
2017,Thailand,179,72,270
2017,Tunisia,4,5,5
2017,Turkey,181,222,328
2017,Uganda,13,7,2
2017,Ukraine,62,40,64
2017,United Kingdom,123,42,341
2017,United States,66,98,948
2017,Venezuela,17,5,32
2017,Vietnam,2,0,0
2017,Yemen,530,1016,970
2017,Zambia,2,0,0
2018,Argentina,5,0,4
2018,Armenia,1,0,0
2018,Australia,3,2,3
2018,Austria,1,1,1
2018,Azerbaijan,1,0,1
2018,Bolivia,2,12,60
2018,Bulgaria,1,0,1
2018,Cambodia,1,0,0
2018,Canada,7,13,45
2018,Denmark,1,0,0
2018,Ecuador,11,10,40
2018,Egypt,54,98,118
2018,Finland,1,0,0
2018,France,13,13,34
2018,Georgia,1,1,0
2018,Germany,22,0,8
2018,Ghana,2,2,5
2018,Greece,26,3,15
2018,Guatemala,2,0,12
2018,Guinea,2,1,1
2018,Haiti,5,0,1
2018,Indonesia,43,71,105
2018,Ireland,5,0,1
2018,Italy,15,0,12
2018,Japan,1,0,0
2018,Jordan,2,3,5
2018,Kenya,52,74,77
2018,Kyrgyzstan,1,0,0
2018,Lebanon,8,2,1
2018,Lithuania,1,0,0
2018,Malawi,2,0,1
2018,Malaysia,7,3,2
2018,Mauritania,1,0,2
2018,Mexico,27,23,32
2018,Morocco,1,2,0
2018,Netherlands,6,1,7
2018,Nicaragua,7,9,9
2018,Pakistan,480,697,1369
2018,Paraguay,4,2,0
2018,Peru,5,4,6
2018,Philippines,600,440,534
2018,Poland,1,0,0
2018,South Africa,41,24,11
2018,South Korea,1,0,0
2018,Spain,2,1,0
2018,Sweden,6,0,1
2018,Switzerland,1,0,0
2018,Tajikistan,3,33,9
2018,Thailand,182,69,159
2018,Trinidad and Tobago,1,0,0
2018,Tunisia,19,16,33
2018,Turkey,94,94,201
2018,Uganda,10,17,9
2018,Ukraine,36,14,22
2018,United Kingdom,101,2,19
2018,United States,75,45,66
2018,Venezuela,11,32,40
2018,Vietnam,1,0,1
2018,Yemen,497,1124,824
2019,Albania,1,0,0
2019,Argentina,1,2,0
2019,Australia,2,0,0
2019,Bolivia,1,0,0
2019,Canada,5,0,4
2019,Costa Rica,2,0,0
2019,Denmark,2,0,1
2019,Ecuador,3,2,3
2019,Egypt,63,152,223
2019,Finland,3,1,10
2019,France,20,8,30
2019,Germany,16,3,8
2019,Ghana,3,2,5
2019,Greece,32,0,6
2019,Guyana,1,0,0
2019,Haiti,4,2,3
2019,Honduras,5,4,1
2019,Hungary,1,0,0
2019,Indonesia,26,21,19
2019,Ireland,12,0,0
2019,Italy,8,0,13
2019,Japan,2,0,10
2019,Jordan,4,4,15
2019,Kenya,49,82,65
2019,Lebanon,7,8,3
2019,Lithuania,1,0,0
2019,Malawi,5,0,0
2019,Malaysia,2,0,0
2019,Mexico,31,24,14
2019,Netherlands,4,4,8
2019,New Zealand,2,51,50
2019,Nicaragua,3,0,0
2019,Norway,3,1,2
2019,Pakistan,362,416,812
2019,Peru,1,1,0
2019,Philippines,466,398,498
2019,South Africa,23,10,10
2019,South Korea,1,0,0
2019,Spain,4,0,2
2019,Sweden,2,0,0
2019,Switzerland,1,0,0
2019,Tajikistan,2,49,0
2019,Thailand,130,72,142
2019,Trinidad and Tobago,1,0,0
2019,Tunisia,16,9,17
2019,Turkey,70,99,201
2019,Uganda,4,2,0
2019,Ukraine,31,18,22
2019,United Kingdom,86,5,23
2019,United States,68,53,113
2019,Venezuela,9,2,5
2019,Yemen,772,1223,1498
